id__bioguide,id__thomas,id__govtrack,social__twitter,social__facebook,social__youtube,social__youtube_id,social__twitter_id,social__instagram,social__instagram_id
R000600,02222,412664,RepAmata,aumuaamata,,UCGdrLQbt1PYDTPsampx4t1A,3026622545,,
Y000064,02019,412428,SenToddYoung,SenatorToddYoung,RepToddYoung,UCuknj4PGn91gHDNAfboZEgQ,234128524,sentoddyoung,
E000295,02283,412667,SenJoniErnst,senjoniernst,,UCLwrmtF_84FIcK3TyMs4MIw,2856787757,senjoniernst,1582702853
T000476,02291,412668,senthomtillis,SenatorThomTillis,,UCUD9VGV4SSGWjGdbn37Ea2w,2964174789,senthomtillis,
Y000063,02021,412430,RepKevinYoder,CongressmanKevinYoder,RepYoder,UCCeYmn4A8kZEHCcAfeUW9lQ,252819642,repkevinyoder,
Y000062,01853,412211,RepJohnYarmuth,214258646163,RepJohnYarmuth,UCy5KW4yrEfEiyZRX45Eoxkg,384913290,,
Y000033,01256,400440,RepDonYoung,RepDonYoung,RepDonYoung,UCg5ZIR5-82EbJiNeI1bqT-A,37007274,,
W000809,01991,412402,Rep_SteveWomack,RepSteveWomack,CongressmanWomack,UCXJbUDLYX-wGIhRuN66hqZw,234469322,,
W000808,02004,412412,RepWilson,RepWilson,repfredericawilson,UCP5QBhng_lHv-vJgE_h7lpA,234014087,,
W000806,02002,412410,RepWebster,RepWebster,repdanwebster,UCCoX4VdU7U11eGEA0lbRtLw,281540744,,
W000805,01897,412321,MarkWarner,MarkRWarner,SenatorMarkWarner,UCwyivNlEGf4sGd1oDLfY5jw,7429102,senatorwarner,515327940
W000804,01886,412255,RobWittman,RepRobWittman,RobWittman,UCIqIb-OaTbkIdU426eYIdPg,15356407,reprobwittman,
W000802,01823,412247,SenWhitehouse,SenatorWhitehouse,SenatorWhitehouse,UCnG0N70SNBkNqvIMLodPTIA,242555999,SenWhitehouse,
W000800,01879,412239,PeterWelch,PeterWelch,reppeterwelch,UC0YfApJx6qNaAQ-ir93U8xA,1410590874,reppeterwelch,1559860900
W000798,01855,412213,RepWalberg,RepWalberg,RepWalberg,UChpf3_3Wn8f3qSJbsYXrhvg,237862972,repwalberg,
W000797,01777,400623,RepDWStweets,RepDWS,RepWassermanSchultz,UCfHQiJVvMlYbVAxrMSLdO4w,1140648348,RepDWSTweets,
W000795,01688,400433,RepJoeWilson,JoeWilson,RepJoeWilson,UC3aR1B8m7Z1uycO65yDnpCg,254082173,repjoewilson,519685522
W000791,01596,400419,RepGregWalden,repgregwalden,RepGregWalden,UCyaDp6ANSM9tvW7Y3LT_4KQ,32010840,repgregwalden,382962594
W000779,01247,300100,RonWyden,,senronwyden,UCsd3UEaoLoqX60P88BdpGGw,250188760,wydenpress,9443881
W000437,01226,400432,SenatorWicker,SenatorWicker,SenatorWicker,UCIlKHiTjSkcQP_knBcXHWSg,264219447,senatorwicker,367948073
W000187,01205,400422,RepMaxineWaters,MaxineWaters,MaxineWaters,UCOQ2js1VYFlo74n7Ns8WsLQ,36686040,repmaxinewaters,
V000128,01729,400415,ChrisVanHollen,chrisvanhollen,RepChrisVanHollen,UCkpfJWu1N9Okd6PE_NidtBQ,18137749,chrisvanhollen,268595235
V000108,01188,400417,RepVisclosky,repvisclosky,PeteVisclosky1,UC9njNo6tTComo9Kn7imz7Mg,193872188,,
V000081,01184,400416,NydiaVelazquez,8037068318,nydiavelazquez,UCqMKPkKeeHFOOiZ9vxhXGVg,164369297,,
U000039,01567,400413,SenatorTomUdall,senatortomudall,senatortomudall,UCADpIVS6bxOcr-uWnJCC9pQ,60828944,,
U000031,01177,400414,RepFredUpton,RepFredUpton,RepFredUpton,UCsN16IzEo4ViZNEMgeCrQ7w,124224165,,
T000470,01997,412405,RepTipton,CongressmanScottTipton,RepScottTipton,UCh9ssh1dvzpr1HOWaFm8rcg,242873057,repscotttipton,
T000469,01942,412319,RepPaulTonko,reppaultonko,reppaultonko,UC3P2SGFmmuCYRsjeso0hOQQ,84119348,reppaultonko,
T000468,01940,412318,RepDinaTitus,CongresswomanTitus,CongresswomanTitus,UC_US4jNqECuMSNrB7yVCbbw,122174004,dinatitusnv,1110185253
T000467,01952,412317,CongressmanGT,CongressmanGT,CongressmanGT,UCNWX7lbWWvnNdzVMFI9DRiQ,18967498,congressman_gt,
T000465,01884,412254,NikiInTheHouse,RepTsongas,RepTsongas,UCVyHRbyMpIF3_Xfl4LzumCA,242892689,,
T000464,01829,412244,SenatorTester,senatortester,senatorjontester,UCgXAF-CON1coZFMxQkfj0fg,515822213,,
T000463,01741,400411,RepMikeTurner,RepMikeTurner,CongressmanTurner,UC-6Ss-aZ3OPisf9GdVGtN8g,51228911,repmiketurner,
T000462,01664,400406,pattiberi,RepPatTiberi,PatTiberi,UCr9reyLip23im9SVDJ9IGAg,912608010,pattiberi,1213878120
T000461,02085,400408,SenToomey,senatortoomey,sentoomey,UCDUM4FFU1p-_YuHqmBglyXw,221162525,,
T000460,01593,400403,RepThompson,RepMikeThompson,CongressmanMThompson,UC6pGbtqHZYZmScFGSz5bbdg,303861808,,
T000250,01534,400546,SenJohnThune,,johnthune,UCRu6lpRfxhkDGUrKDgQNZYQ,296361085,senjohnthune,
T000238,01155,400404,MacTXPress,repmacthornberry,RepMacThornberry,UCIfCqubtIZnQDwDS8YNmL2A,377534571,,
T000193,01151,400402,BennieGThompson,CongressmanBennieGThompson,RepBennieThompson,UCzt2pBxh0dI24kYrWretXRw,82453460,benniegthompson,347410575
S001189,02009,412417,AustinScottGA08,RepAustinScott,RepAustinScott,UC5M7eKHKQStktMyjieiHYZQ,234797704,,
S001187,02047,412461,RepSteveStivers,116058275133542,RepSteveStivers,UCfZrE20pIcR-LeFUV7r2Ixw,211420609,RepSteveStivers,
S001185,01988,412396,RepTerriSewell,RepSewell,RepSewell,UCHkEHtfrfUWOFtbUFQTQH7Q,381152398,,
S001184,02056,412471,SenatorTimScott,SenatorTimScott,SenatorTimScott,UCSfAsbG80CNInSKrtpKoL-w,217543151,SenatorTimScott,
S001183,01994,412399,RepDavid,repdavidschweikert,RepDavidSchweikert,UCVvuNVzkOUp7p_Pzkc6Zuvw,229197216,repdavid,181147397
S001181,01901,412323,SenatorShaheen,SenatorShaheen,senatorshaheen,UCjLZAZMbDrybHyttdEC9LFA,109287731,senatorshaheen,
S001180,01950,412315,RepSchrader,repschrader,repkurtschrader,UCrWRXVaGJtcImc_kknuDsAw,20545793,,
S001177,01962,412312,,153423912663,CongressmanSablan,UC-fbzxBSiC98eAE2goaANVQ,,kilili_sablan,
S001176,01892,412261,SteveScalise,RepSteveScalise,RepSteveScalise,UCmYveHBVXVBRxl7GiCL-gjw,1209417007,stevescalise,1210937919
S001175,01890,412259,RepSpeier,JackieSpeier,jackiespeierca12,UCevmyTb0HSO8irVaR2gYyoA,24913074,jackiespeier,
S001172,01860,412217,RepAdrianSmith,,RepAdrianSmith,UCIgn2z-hwxx_aeggnyhv54Q,296245061,,
S001165,01818,412186,RepSires,81058818750,RepSiresNJ13,UCfdEcWPNGoIxpYoTANF4PBA,18696134,,
S001157,01722,400363,RepDavidScott,113303673339,RepDavidScott,UCgf28zRkLSqAUiPuJhGdF0w,168673083,,
S001156,01757,400355,RepLindaSanchez,CongresswomanLindaSanchez,LindaTSanchez,UCu1K6uHxjMgj2mvzM7O9-ow,312134473,,
S001154,01681,409888,RepBillShuster,Rep.Shuster,repshuster,UCEfLAXoX-pV3ETccADGOdXg,22527499,,
S001150,01635,400361,RepAdamSchiff,RepAdamSchiff,adamschiff,UCadiUi-KZoFk1K5ZDsluLcA,29501253,RepAdamSchiff,
S001148,01590,400376,CongMikeSimpson,96007744606,CongMikeSimpson,UCNXe0rJJeULTAP_7oyQNw8g,76132891,,
S001145,01588,400360,JanSchakowsky,janschakowsky,repschakowsky,UCuCHHPSENUEaaeH8n_CYDXQ,24195214,,
S000770,01531,300093,SenStabenow,SenatorStabenow,senatorstabenow,UCFoDKCvxSwCUfDv-4Eg4K5A,76456274,,
S000583,01075,400381,LamarSmithTX21,LamarSmithTX21,lamarsmithtexas21,UCc2q5flh9dSoyg4W9osGW8Q,15856366,,
S000510,01528,400379,RepAdamSmith,RepAdamSmith,CongressmanAdamSmith,UCcrHso483LOfC6WwDnzAh-g,58928690,,
S000480,01069,400378,LouiseSlaughter,RepLouiseSlaughter,louiseslaughter,UCm9G5-ikIk62LgZxRnlB7fg,63169388,louisemslaughter,
S000364,01527,400373,RepShimkus,repshimkus,repshimkus,UCVXSvuk-csQRKBI0oPzcEnw,15600527,,
S000344,01526,400371,BradSherman,63158229861,shermanca27,UCPisrz6-SLwVy2l9Mcy8kug,30216513,,
S000320,01049,300089,SenShelby,RichardShelby,SenatorRichardShelby,UCyMzDCRZrmhr_OGDjVuAeJw,21111098,,
S000250,01525,400367,PeteSessions,petesessions,PeteSessions,UCDSBWdAlrCZq2W8P3wR_LCg,24735461,,
S000248,01042,400366,RepJoseSerrano,RepJoseSerrano,,,33563161,repjoseserrano,1422526654
S000244,01041,400365,JimPressOffice,RepSensenbrenner,RepSensenbrenner,UCUNfNsc2CVsqivJ2wThQF6A,851621377,,
S000185,01037,400364,BobbyScott,RepBobbyScott,repbobbyscott,UCdNNcpw8arCsUp55JwK_QAA,161791703,repbobbyscott,1173348983
S000148,01036,300087,SenSchumer,senschumer,SenatorSchumer,UC-ABttxh8uQv_10qmwGaidw,17494010,,
S000033,01010,400357,SenSanders,senatorsanders,senatorsanders,UCD_DaKNac0Ta-2PeHuoQ1uA,29442313,,
R000595,02084,412491,SenRubioPress,SenatorMarcoRubio,SenatorMarcoRubio,UCh8t7sV_DBKz4A-RkL9feyg,229966028,,
R000593,02003,412411,RepDennisRoss,dennis.ross.376,RepDennisRoss,UCSjZ4oRWi_sO-aGM9CUBOJQ,33655490,,
R000592,02017,412426,ToddRokita,RepToddRokita,reptoddrokita,UCl_wYwGYw1AXiUoqNmwLxzA,17544524,RepToddRokita,
R000591,01986,412394,RepMarthaRoby,Representative.Martha.Roby,reproby,UCeAWQdcSTlwv2vDGz0TQOxQ,224294785,,
R000588,02023,412432,RepRichmond,RepRichmond,RepCedricRichmond,UCsB66Dq8sCGwr5K3g1kqTrA,267854863,,
R000586,02048,412462,RepJimRenacci,repjimrenacci,repjimrenacci,UCHTvP1X0dgUU1lrMub4hbLw,236916916,repjimrenacci,
R000585,01982,412393,RepTomReed,RepTomReed,CongressmanTomReed,UC-HFEKIHC7ydVUkxkZOLqTg,252819323,,
R000583,01916,412311,TomRooney,reptomrooney,CongressmanRooney,UCHuDkMfCK3kmCpso7LyI3zA,23970171,,
R000582,01954,412310,DrPhilRoe,DrPhilRoe,drphilroe,UC8muYurPSNO8x2Qqk40mVOA,52503751,drphilroe,
R000580,01848,412202,PeterRoskam,PeterRoskam,RoskamIL06,UCk8IZKV_RC1Wr-dh09kzVTw,20015903,,
R000578,01810,400660,DaveReichert,repdavereichert,repdavereichert,UC_Qs1fzY8WlHv6wJ1x7Hotg,16102244,repdavereichert,
R000577,01756,400352,RepTimRyan,timryan,timryanvision,UCjAFlYCheFKjGg_Pxc2VOFA,13491312,,
R000576,01728,400349,Call_Me_Dutch,DutchRupp,ruppersberger,UCk2S9iSHNpo1E1A7qZ0SPIw,305620929,,
R000575,01704,400341,RepMikeRogersAL,CongressmanMikeDRogers,MikeRogersAL03,UCH-WUWuY0_dlKwJDSqKTJsg,33977070,repmikerogersal,259435765
R000570,01560,400351,SpeakerRyan,speakerryan,reppaulryan,UC8nMpZAuz-gitzb2icE15Qw,18916432,SpeakerRyan,
R000515,01003,400350,RepBobbyRush,congressmanbobbyrush,CongressmanRush,UCbWqxBnS_w_uFTdQAL0YH5g,305216911,,
R000487,00998,400348,RepEdRoyce,EdRoyce,RepEdRoyce,UC9DUiRouRl6Rz6PEvQ4jRPw,246769138,,
R000486,00997,400347,RepRoybalAllard,RepRoybalAllard,RepRoybalAllard,UC_T_RXWeJ-smmpjdNLOaMcg,479872233,RepRoybalAllard,
R000435,00985,400344,RosLehtinen,iroslehtinen,IleanaRosLehtinen,UCf6XrWGZHjC7KgRd9JCAuBA,14275291,,
R000395,00977,400340,RepHalRogers,CongressmanHalRogers,RepHalRogers,UChVFKLZkRoHQDhp4zNvEezQ,550401754,,
R000307,00968,300083,SenPatRoberts,SenPatRoberts,SenPatRoberts,UCRpswvC8LgxzE9AYSFpqUgw,75364211,,
R000122,00949,300081,SenJackReed,SenJackReed,SenatorReed,UCT_aFVtsjxPwWKfO-PW_hPw,486694111,,
Q000023,01967,412331,RepMikeQuigley,repmikequigley,RepMikeQuigley,UCDP13XegdoZ4bxYHxM34yAA,56864092,repmikequigley,1403659583
P000603,02082,412492,,SenatorRandPaul,SenatorRandPaul,UCeM9I-20oWUs8daIIpsNHoQ,,senatorrandpaul,541357095
P000601,02035,412443,CongPalazzo,stevenpalazzo,CongressmanPalazzo,UCtPOy2vRbN2nD8dQPSOTXeA,299883942,,
P000599,01915,412309,CongBillPosey,bill.posey15,CongressmanPosey,UCoUwUkDpe1ZYd6tiaZfiMuA,25086658,,
P000598,01910,412308,RepJaredPolis,jaredpolis,JaredPolis31275,UCJJ1Ye0mOzqZh1_GErFUISw,463132556,repjaredpolis,
P000597,01927,412307,ChelliePingree,ChelliePingree,congresswomanpingree,UCLKaWFM7I84WcreDRhhhkVg,14984637,,
P000595,01929,412305,SenGaryPeters,SenGaryPeters,RepGaryPeters,UC7LYNbnKSK2VZqQ98YROWHQ,236511574,sengarypeters,1640246681
P000594,01930,412303,RepErikPaulsen,CongressmanErikPaulsen,reperikpaulsen,UC1IOW4Wqox-6gmZbjjGvzLg,17513304,,
P000593,01835,412192,RepPerlmutter,RepPerlmutter,RepPerlmutter,UCJXuMAzxngpEvDdvlE6wS5g,20552026,,
P000592,01802,400652,JudgeTedPoe,106631626049851,CongressmanTedPoe,UCGdNUkVP16hOyL-fUDV1Knw,74198348,judgetedpoe,438265816
P000588,01738,400313,RepStevePearce,RepStevePearce,NMStevePearce,UCaT7jt_M86sDK50eaaVsFvQ,235271965,,
P000523,00930,400326,RepDavidEPrice,RepDavidEPrice,RepDavidPrice,UCtX7bSXBLF9ge-Q955n5Vqw,155669457,,
P000449,00924,400325,SenRobPortman,senrobportman,SenRobPortman,UCwunkd8Zs-yAWKQwnwBp7ew,18915145,senrobportman,370356159
P000197,00905,400314,NancyPelosi,NancyPelosi,nancypelosi,UCxPeEcH0xaCK9nBK98EFhDg,15764644,,
P000096,01510,400309,BillPascrell,pascrell,RepPascrell,UCIy1Ru8oA14aRjpq6L3i-EQ,74508260,,
P000034,00887,400308,FrankPallone,repfrankpallone,repfrankpallone,UCN0_wn9hs1LI3UKkji2PP2A,31801993,repfrankpallone,
O000168,01955,412302,RepPeteOlson,Rep.PeteOlson,,,20053279,reppeteolson,
N000184,02060,412475,RepKristiNoem,,RepKristiNoem,UCZPzuVONjRwo5TsrKzbYRVA,235251868,repkristinoem,
N000181,01710,400297,RepDevinNunes,,RepDevinNunes,UCtbArL6CmOfFqgmpuRjLp3w,344972339,,
N000179,01602,400290,GraceNapolitano,RepGraceNapolitano,RepGraceNapolitano,UCPWjmiAIR04oQ8QMoOWcDtA,161411080,,
N000147,00868,400295,EleanorNorton,CongresswomanNorton,EleanorHNorton,UChRrAXUGylfxJjbquC6aUjQ,23600262,,
N000032,00859,300078,SenBillNelson,,senbillnelson,UC1Iir7_h98mI9-hHzrDJWpw,20597460,,
N000015,00854,400291,RepRichardNeal,reprichardneal,RepRichardENeal,UCZVtTydu0-MSK6G12GaKA4g,442824717,,
N000002,00850,400289,RepJerryNadler,CongressmanNadler,congressmannadler,UCQKj0qU1e7o2f5ftSh-c9aQ,40302336,,
M001183,01983,412391,Sen_JoeManchin,JoeManchinIII,SenatorJoeManchin,UCGyPK_ye2ptpzQgOjKIn7ag,234374703,,
M001181,02052,412466,RepMeehan,CongressmanPatrickMeehan,repmeehan,UCfOy3eW-KIg4aI3w_azyY6g,248850174,,
M001180,02074,412487,RepMcKinley,RepMcKinley,RepDavidMcKinley,UCt7BWx4b8ubXa-PneAu103g,240427862,,
M001179,02053,412468,RepTomMarino,CongressmanMarino,RepMarino,UCL8AvZKY5KuPk0T7G0jv7HA,240363117,reptommarino,1395145806
M001177,01908,412295,RepMcClintock,81125319109,McClintockCA04,UCMh04KC4LfIzKoXh2Xws_pw,50152441,,
M001176,01900,412325,SenJeffMerkley,jeffmerkley,SenatorJeffMerkley,UCRoXttCJhMnLVCxCaa6VnNQ,29201047,senjeffmerkley,501463589
M001170,01820,412243,McCaskillOffice,senatormccaskill,SenatorMcCaskill,UCnarZ9jmNhI-eDcEPBwqMFw,57065141,clairecmc,182810702
M001166,01832,412189,RepMcNerney,jerrymcnerney,RepJerryMcNerney,UClUOx6F8GKshxGBUBLkisug,385429543,,
M001165,01833,412190,GOPLeader,CongressmanKevinMcCarthy,repkevinmccarthy,UCdJUZUFSLJRlUpE-91-6DsA,19739126,RepKevinMcCarthy,
M001163,01814,400663,DorisMatsui,doris.matsui,RepDorisMatsui,UCSqqxVkvskHq3cY2MCbTZsw,38254095,,
M001160,01811,400661,RepGwenMoore,GwenSMoore,RepGwenMoore,UCCs9o1XaSsCsqNpO0iO0_Ew,22669526,,
M001159,01809,400659,CathyMcMorris,mcmorrisrodgers,mcmorrisrodgers,UCRp0lwIxAhq2Ia9_YgRWUkg,17976923,cathymcmorris,
M001158,01806,400656,RepKenMarchant,RepKennyMarchant,RepKennyMarchant,UCQpnTMp5TdTRWEes8cjIfyQ,23976316,,
M001157,01804,400654,RepMcCaul,michaeltmccaul,MichaelTMcCaul,UCRw6sGE0PH7_FCeTT3PQRaA,26424123,congressman_mccaul,
M001156,01792,400644,PatrickMcHenry,CongressmanMcHenry,CongressmanMcHenry,UCY3PTRhkSH-eoltxPVZKD-w,27676828,reppatrickmchenry,353406473
M001153,01694,300075,LisaMurkowski,SenLisaMurkowski,senatormurkowski,UCaigku16AErqvD0wRuwGb9A,18061669,senlisamurkowski,
M001143,01653,400259,BettyMcCollum04,repbettymccollum,,,516880804,,
M001137,01506,400271,RepGregoryMeeks,gregorymeeksny05,gwmeeks,UCljJnwgQS6Z6-NypDyqKJZQ,22812754,repgregorymeeks,
M001111,01409,300076,PattyMurray,,SenatorPattyMurray,UCb8jq3TvQ3AzKsexhWfFLoA,293131808,senpattymurray,426137845
M000934,01507,400284,JerryMoran,jerrymoran,senatorjerrymoran,UC1oRxeUPam6-53wPBZ3N02A,18632666,senjerrymoran,298271065
M000639,00791,400272,SenatorMenendez,senatormenendez,SenatorMenendezNJ,UC0PV0K9Z5a9p3D5917KF5fw,18695134,senatormenendez,433044338
M000355,01395,300072,McConnellPress,mitchmcconnell,,,339822881,mcconnellpress,
M000312,01504,400263,RepMcGovern,RepJimMcGovern,repjimmcgovern,UCpiUqp2ZF64tXqgR_EQo27g,242426145,,
M000303,00754,300071,SenJohnMcCain,johnmccain,SenatorJohnMcCain,UC9IJssXDUaKHzwx6gW4wEoA,19394188,senjohnmccain,44979810
M000133,00735,400253,SenMarkey,EdJMarkey,RepMarkey,UCT1ujew5yQy2uMhGrjiKHoA,21406834,,
M000087,00729,400251,RepMaloney,RepCarolynMaloney,carolynbmaloney,,258900199,,
L000577,02080,412495,SenMikeLee,senatormikelee,senatormikelee,UCplVxs_j_sLAt0fkplXcl4A,88784440,senmikelee,391361701
L000576,02033,412445,USRepLong,Rep.Billy.Long,MOdistrict7,UCLQcbyxpHXXAsUJckscQY8g,1444015610,,
L000575,02050,412464,SenatorLankford,SenatorLankford,SenatorLankford,UCz8T6sK5fEycyWmVz6Vpe5Q,225921757,senatorlankford,1552251018
L000573,02011,412419,Raul_Labrador,raul.r.labrador,RepLabrador,UC1KKgNc0j8CoAGnWEJfhxJA,246341769,,
L000570,01939,412293,RepBenRayLujan,RepBenRayLujan,Repbenraylujan,UCcO5AmF8HuJo4d0awEbst7Q,19318314,repbenraylujan,1409819789
L000569,01931,412292,RepBlainePress,BlaineLuetkemeyer,BLuetkemeyer,UCifiiQclKbBBrkSbCnN6REg,1849261916,,
L000567,01936,412290,RepLanceNJ7,CongressmanLance,CongressmanLance,UCASO5iqjLfU4jo8xKKZIq8g,613725908,,
L000566,01885,412256,BobLatta,boblatta,CongressmanBobLatta,UCVSBVHoWu-eWnBBQaMKZ_sQ,15394954,boblatta,26367713
L000565,01846,412209,DaveLoebsack,DaveLoebsack,congressmanloebsack,UC0biZWEJAKHctxbmXfXJnOg,510516465,,
L000564,01834,412191,RepDLamborn,CongressmanDougLamborn,CongressmanLamborn,UCaYsGYMniq4nwBBMKFIwsow,584012853,,
L000563,01781,400630,RepLipinski,repdanlipinski,lipinski03,UC4-dyxzIODTMk1-12QPEpoQ,1009269193,,
L000562,01686,400249,RepStephenLynch,repstephenlynch,RepLynch,UCxL4zG0YWqC5XTO4af_FOgw,310310133,repstephenlynch,
L000560,01675,400232,RepRickLarsen,RepRickLarsen,congressmanlarsen,UCMv7LsJtiyO4AJcbRux5CxQ,404132211,repricklarsen,
L000559,01668,400230,JimLangevin,CongressmanJimLangevin,jimlangevin,UCQ1sth-7umw1k-fSVqdfRTg,18909919,,
L000557,01583,400233,RepJohnLarson,RepJohnLarson,RepJohnLarson,UCGPsvFF-9WfpdRSCcCrPLiQ,50452197,RepJohnBLarson,
L000554,00699,400244,RepLoBiondo,FrankLoBiondo,USRepFrankLoBiondo,UCXBUOE1MAEUMNIg67sivY9Q,241207373,repfranklobiondo,
L000551,01501,400237,RepBarbaraLee,RepBarbaraLee,RepLee,UCnRgK2MXAQOUau0JXqseeNA,248735463,repbarbaralee,1415801245
L000491,00711,400247,RepFrankLucas,RepFrankLucas,RepFrankLucas,UCdYZbKY8pkWAThqwC3fdVMg,242772524,,
L000480,00709,400246,NitaLowey,RepLowey,nitalowey,UCkmeBYqhbomcWNNWzQCqcbg,221792092,nitalowey,
L000397,00701,400245,RepZoeLofgren,zoelofgren,RepZoeLofgren,UCOaQ79adORFcaTuJZoIFuZQ,267938462,,
L000287,00688,400240,RepJohnLewis,RepJohnLewis,repjohnlewis,UC_jpkZzdyGhTBGBZ3UTNwjA,29450962,RepJohnLewis,
L000263,00683,400238,RepSandyLevin,RepSandyLevin,mi12yes,UCkVlSO4vhgPTgWYzY29Z7Gg,25781141,,
L000174,01383,300065,SenatorLeahy,SenatorPatrickLeahy,SenatorPatrickLeahy,UC46QHVobf7FO-tWehsRoDog,242836537,senatorleahy,
K000378,02014,412421,RepKinzinger,RepKinzinger,RepAdamKinzinger,UCjDHxyjndxxhjuPWyEBc7UA,219429281,,
K000376,02051,412465,MikeKellyPA,191056827594903,repmikekelly,UCoz6u3ooQxoijsWvhoQ0D-A,935368364,,
K000375,02025,412435,USRepKeating,Congressman.Keating,RepBillKeating,UC7KPV4xdxO2dms9vl6tETmg,232992031,,
K000362,01724,400220,SteveKingIA,stevekingia,stevekingia,UCvdJ--cxsVyght3ZDise0mw,48117116,,
K000210,00635,400219,RepPeteKing,,RepPeterKing,UCbyQC19DsAq01oDBfZn_diw,18277655,,
K000188,01498,400218,RepRonKind,repronkind,RepRonKind,UC0_BilariURHwSHf9baGykg,112740986,,
K000009,00616,400211,RepMarcyKaptur,RepresentativeMarcyKaptur,USRepMarcyKaptur,UCIJUNf22o09nO02oQPLKQ6w,581141508,repmarcykaptur,
J000293,02086,412496,SenRonJohnson,senronjohnson,SenatorRonJohnson,UCG9XyTVtOAs7VX_q_QVHoaw,233737858,senronjohnson,
J000292,02046,412460,RepBillJohnson,RepBillJohnson,RepBillJohnson,UCtF08Ay71haDRoJosRN2P_Q,211530910,repbilljohnson,763495818
J000290,01921,412284,RepLynnJenkins,replynnjenkins,RepLynnJenkins,UCBW06VosGJtZ_wCyGKET5KQ,19658173,replynnjenkins,
J000289,01868,412226,Jim_Jordan,repjimjordan,RepJimJordan,UCPFBhS00ivPV585GlnNlyqA,18166778,,
J000288,01843,412199,RepHankJohnson,115356957005,RepHankJohnson,UCqMici9I7nz_i-PN7eSYjwQ,24745957,rephankjohnson,
J000255,00612,400209,RepWalterJones,15083070102,RepWalterJones,UCZdvBD1F5FXAQyJFD2aTiWA,26778110,repwalterbjones,
J000174,00603,400206,SamsPressShop,RepSamJohnson,RepSamJohnson,UCmzL7gzMX6-bgS9HNt8a8TA,249288197,samjohnsontx03,
J000126,00599,400204,RepEBJ,CongresswomanEBJtx30,RepEddieBJohnson,UCVKp8BtjW708H4eXJJQgUYw,168502762,,
J000032,00588,400199,JacksonLeeTX18,CongresswomanSheilaJacksonLee,TX18SJL,UCi_S-mOZaEco2Zb9guf_8Iw,80612021,,
I000056,01640,400196,DarrellIssa,darrellissa,repdarrellissa,UCIGKQn89GEpNJ6fDhXGauyw,22509548,,
I000024,00583,300055,InhofePress,jiminhofe,jiminhofepressoffice,UCk3W3ilX8vGG-300qzNpG7w,20546536,,
H001061,02079,412494,SenJohnHoeven,SenatorJohnHoeven,senatorjohnhoevennd,UC1kQIC2Q_Fq9_NRqdb6eHiw,382791093,senjohnhoeven,1237544252
H001059,02015,412422,RepHultgren,RepHultgren,rephultgren,UCJ6Gvza8hdNmUfoaJEN8dbg,237814920,,
H001058,02028,412437,RepHuizenga,RepHuizenga,RepHuizenga,UCQPlLLiMnysMmeJ5qUSSjQg,233949261,RepHuizenga,
H001056,02071,412486,HerreraBeutler,herrerabeutler,RepHerreraBeutler,UCJEgiA9clfx0amrQUj0aBTQ,242926427,,
H001053,02032,412444,RepHartzler,Congresswoman.Hartzler,repvickyhartzler,UCAvttUz6qBVEJiFt7p_MZxw,237763317,rephartzler,787899303
H001048,01909,412283,Rep_Hunter,DuncanHunter,CongressmanHunter,UCV9GfB1e4RILcqb_zXYCDSA,1305596696,,
H001047,01913,412282,JAHimes,CongressmanJimHimes,congressmanhimes,UCCeB6czh6nhCHxOMCk_V4yA,31611298,,
H001046,01937,412281,MartinHeinrich,MartinHeinrich,SenMartinHeinrich,UCBxh8IK5sMxY0Ln_0G2NYcg,1099199839,senatormartinheinrich,285288987
H001045,01933,412280,GreggHarper,GreggHarper,congressmanharper,UC9UIowW9bhstVTiMX8znppQ,23712174,,
H001042,01844,412200,MazieHirono,senatorhirono,CongresswomanHirono,UCcoKhxad156flzPYJ8JMFOA,92186819,maziehirono,304094084
H001041,01863,412218,SenDeanHeller,SenDeanHeller,SenDeanHeller,UCTS6f940sIirkO6ICyx4ksw,266133081,,
H001038,01794,400641,RepBrianHiggins,RepBrianHiggins,CongressmanHiggins,UCSGbv85HaaYYOrPGePtxwag,33576489,repbrianhiggins,
H001036,01749,400175,RepHensarling,RepHensarling,repjebhensarling,UCjZWXpz6wypzbL8nK0JNEvg,18566912,,
H000874,00566,400189,WhipHoyer,WhipHoyer,LeaderHoyer,UCvxgqX65cdhHNjJn64cgY9g,22012091,repstenyhoyer,51616645
H000338,01351,300052,SenOrrinHatch,senatororrinhatch,SenatorOrrinHatch,UCQUPyPV_SR435OsPiFNIWPQ,262756641,,
H000324,00511,400170,RepHastingsFL,95696782238,RepAlceeHastings,UCaXXiR3YjMuPIlIGRGNnm8A,2433737761,,
G000568,02070,412485,RepMGriffith,RepMorganGriffith,RepMorganGriffith,UCzxqD7EY_Rdvbc0spbaYkJA,234057152,hmorgangriffith,
G000566,02058,412473,TGowdySC,RepTreyGowdy,TGowdySC,UCVvxvugtuNZSygB4z4aVfsg,237348797,tgowdysc,
G000565,01992,412397,RepGosar,repgosar,repgosar,UC5orqw_9acsKWSRbrqTDXBw,240760644,,
G000563,02049,412463,RepBobGibbs,RepBobGibbs,RepBobGibbs,UC4J-kVbeE32Up-b_wTLEUmA,234822928,repbobgibbs,
G000562,01998,412406,SenCoryGardner,SenCoryGardner,,UC7Vi5vAFb7piu_BNwrYDBxQ,235217558,sencorygardner,1643152643
G000560,01979,412388,RepTomGraves,reptomgraves,CongressmanGraves,UCBxeA4MWCmfUox57bUTEH0g,190328374,reptomgraves,241591770
G000559,01973,412382,RepGaramendi,repgaramendi,garamendiCA10,UCRym1qsO72C39gX6pBu4icg,88806753,,
G000553,01803,400653,RepAlGreen,repalgreen,RepAlGreen,UCFtgMZm1YUXaZ8OtOj-GDjA,156333623,,
G000552,01801,400651,RepLouieGohmert,50375006903,GohmertTX01,UC0HMa6X3iMhMq96kkRLLTog,22055226,,
G000551,01708,400162,RepraulGrijalva,Rep.Grijalva,raulgrijalvaaz07,UC8JZLnXS21bhNbcvpoM8O7g,28602948,,
G000535,00478,400163,RepGutierrez,RepGutierrez,repluisgutierrez,UCLooufcInrRP1FQn_WY9yDA,36948268,,
G000410,00462,400160,RepGeneGreen,RepGeneGreen,RepGeneGreen,UCc6B7e8ontd_yKsPt_6w2oA,111635527,,
G000386,00457,300048,ChuckGrassley,grassley,senchuckgrassley,UCiCPRkcLMInpDeOqGkMTt4w,10615232,senatorchuckgrassley,
G000377,01487,400157,RepKayGranger,RepKayGranger,RepKayGranger,UCsRMtemAkyLh78MPES6gMVQ,161743731,,
G000359,00452,300047,GrahamBlog,USSenatorLindseyGraham,USSenLindseyGraham,UClLGZMA5Ei2Z8fR1PLEx6yQ,14845376,,
G000289,00446,400154,RepGoodlatte,BobGoodlatte,RepBobGoodlatte,UCvjZ1XhXidxiyfm2ICEbNKg,37920978,bobgoodlatte,
F000461,02065,412480,RepBillFlores,RepBillFlores,RepBillFlores,UCA7MgQ_ccBlCqoxV56B6nmA,237312687,repbillflores,
F000460,02067,412482,Farenthold,BlakeFarenthold,BlakeFarenthold,UC-xQNCjaivVnqozyXtjcqww,17896154,Farenthold,
F000459,02061,412476,RepChuck,repchuck,repchuck,UCTtRrJkM-R-f2K0byCMvHgw,235190657,,
F000455,01895,412327,RepMarciaFudge,RepMarciaLFudge,marcialfudge,UClmYIIhIcL-WwtBAy1Dhokg,153486399,repmarciafudge,1395168201
F000450,01791,400643,VirginiaFoxx,RepVirginiaFoxx,repvirginiafoxx,UCggineJcxJn80TRXxdQbx6w,16256269,repvirginiafoxx,
F000449,01793,400640,JeffFortenberry,jefffortenberry,JeffFortenberry,UCbWUvw3gQhbFyJzt1Nh6cAA,18805303,,
F000444,01633,400134,JeffFlake,senatorjeffflake,flakeoffice,UCPSnRxko_G21KzwgXmOZaeQ,16056306,jeffflake,
F000062,01332,300043,SenFeinstein,senatorfeinstein,SenatorFeinstein,UCtVC--6LR0ff2aOP8THpuEw,476256944,,
E000288,01857,412215,KeithEllison,Keith.Ellison,RepKeithEllison,UCR_QMi3wGy7xPUZxaIRi9QA,14135426,,
E000285,01542,300041,SenatorEnzi,mikeenzi,senatorenzi,UCipEXEDAKVPj_B0cQjaikEA,291756142,,
E000215,00355,400124,RepAnnaEshoo,RepAnnaEshoo,RepAnnaEshoo,UCjRvhco2d59GBgA78IIIaYQ,249348006,RepAnnaEshoo,
E000179,00344,400122,RepEliotEngel,RepEliotLEngel,engel2161,UCZ-ctBF-a6CYPJWDoBV_JyA,164007407,,
D000616,02062,412477,DesJarlaisTN04,ScottDesJarlaisTN04,ScottDesJarlaisTN04,UCvjuSLoi3hS0ECQvJLhwOkA,235312723,desjarlaistn04,260930821
D000615,02057,412472,RepJeffDuncan,RepJeffDuncan,congjeffduncan,UC1tuXL6ymImdpKYGEAH83QA,240393970,repjeffduncan,382897929
D000614,02072,412488,RepSeanDuffy,RepSeanDuffy,RepSeanDuffy,UChq-eV2HnV7Kr2zmj0yua7g,234022257,repseanduffy,367550700
D000612,01995,412403,RepJeffDenham,RepJeffDenham,repjeffdenham,UCm59PEM_tgTvhm5-wIfnrRg,248699486,repjeffdenham,380008060
D000610,01976,412385,RepTedDeutch,CongressmanTedDeutch,congressmanteddeutch,UC1JlTLRUDkzhM2htvI9QJTA,137794015,repteddeutch,
D000607,01850,412205,SenDonnelly,senatordonnelly,sendonnelly,UC7H5Lz0BUaTRlWXk9QsIwsg,216503958,sendonnelly,280911627
D000604,01799,400648,RepCharlieDent,CongressmanDent,CongressmanDent,UCoC_r0R2M_74UVrH4A44awQ,242376736,,
D000600,01717,400108,MarioDB,mdiazbalart,MarioDiazBalart,UCpEEd0Plxx5D78pI4a4mFTQ,37094727,repmariodb,316477657
D000563,00326,300038,SenatorDurbin,SenatorDurbin,SenatorDurbin,UCkbixlNCxcKAffEhe3X5-lw,247334603,,
D000533,00322,400116,RepJohnDuncanJr,CongressmanDuncan,RepJohnDuncan,UCCpcKqQfp9gVkeD1t7uYLKQ,1883356866,,
D000482,00316,400114,USRepMikeDoyle,usrepmikedoyle,CongressmanDoyle,UCni9vINmgerEeVXhKCC9qbA,39249305,,
D000399,00303,400111,RepLloydDoggett,lloyddoggett,doggett,UCN-kiLKyHPcfRVZ28sAHS_g,153944899,replloyddoggett,
D000216,00281,400103,RosaDeLauro,CongresswomanRosaDeLauro,rosadelauro,UC9ROfGBm7kSLCEDYwFF6McQ,140519774,,
D000197,01479,400101,RepDianaDeGette,DianaDeGette,RepDianaDeGette,UCWFQCRTHwsHg9P1Hf-EQtew,28599820,,
D000191,00279,400100,RepPeterDeFazio,RepPeterDeFazio,PeterDeFazio,UCIF3HunhsVgTv7L2grnq2Rg,252249233,,
C001088,01984,412390,SenCoonsOffice,senatorchriscoons,senatorchriscoons,UC2lOVbsddn1HIkcDnmCw6tA,435500714,senatorchriscoons,25194715
C001087,01989,412400,RepRickCrawford,RepRickCrawford,RepRickCrawford,UCLKAkVl4BHRK73lmDiIgPYg,233693291,reprickcrawford,389864684
C001084,02055,412470,RepCicilline,CongressmanDavidCicilline,RepDavidCicilline,UC3sCl46o8hYP69LnidNltuw,462143773,,
C001080,01970,412379,RepJudyChu,RepJudyChu,RepJudyChu,UCfcbYOvdEXZNelM8T05nK-w,193732179,,
C001078,01959,412272,GerryConnolly,CongressmanGerryConnolly,repconnolly,UC4WG9PlmoOeSLIuyVjs-RSA,78445977,,
C001077,01912,412271,RepMikeCoffman,repmikecoffman,CongressmanCoffman,UCBCe9Os3VRutyBw3aLhYq5g,19407835,,
C001072,01889,412258,RepAndreCarson,CongressmanAndreCarson,repandrecarson,UCprUnnEgM2VUGmAKSaZXCSw,199325935,repandrecarson,
C001071,01825,412248,SenBobCorker,bobcorker,senatorcorker,UCm7if_szz7DxfcdYGrywHSA,73303753,senbobcorker,390025816
C001070,01828,412246,SenBobCasey,SenatorBobCasey,SenatorBobCasey,UCtVssXhx-KuZa-hSvnsnJ0A,171598736,senbobcasey,
C001069,01836,412193,RepJoeCourtney,joecourtney,repcourtney,UCGVIfe1T2hO1Lx7ap5Wkv1w,85396297,repjoecourtney,
C001068,01878,412236,RepCohen,CongressmanSteveCohen,repcohen,UC_NJlnsOBjOameUwZk0rvsA,162069635,,
C001067,01864,412221,RepYvetteClarke,repyvettedclarke,repyvetteclarke,UC8SuQiuL2P9fUHAxuRoTdUQ,240812994,,
C001063,01807,400657,RepCuellar,152569121550,henrycuellar,UCVgEOdJx3tyILO9EjZ-heEQ,210926192,,
C001062,01805,400655,ConawayTX11,mike.conaway,mikeconaway11,UCR3dhwhVfxmmqv6ct2Xa1-g,295685416,,
C001061,01790,400639,RepCleaver,emanuelcleaverii,repcleaver,UCVC-7CLFjXczoihr5FxDLsw,163570705,,
C001059,01774,400618,RepJimCosta,RepJimCosta,RepJimCostaCA20,UCVgXX23eJEai6GiBOKO6dvA,245451804,,
C001056,01692,300027,JohnCornyn,sen.johncornyn,senjohncornyn,UCyQwLQavlOaJ64YuY_VMtiQ,13218102,,
C001053,01742,400077,TomColeOK04,TomColeOK04,reptomcole,UCvqzPm_YnNkfEHpm3SEMJMQ,23124635,TomColeOK04,
C001051,01752,400068,JudgeCarter,judgecarter,repjohncarter,UC9pkaOrhPfouzkJ8oAdI-1w,18030431,repcarter,456560563
C001049,01654,400074,,109135405838588,WilliamLacyClay,UCB3yVQzlxhx3brOwaWtiXoQ,,,
C001048,01670,400089,CongCulberson,CongressmanCulberson,johnculbersontx07,UCv9NX2RA2jQQniHohgqy_KQ,24183358,repjculberson,
C001047,01676,400061,SenCapito,senshelley,,UCbiXdR4XQ3vD9Xp5lfR9QXw,193794406,sencapito,1640447624
C001038,01604,400087,RepJoeCrowley,repjoecrowley,RepJoeCrowley,UCni23wivejzkS9G1L_XEBQw,111635980,,
C001037,01564,400063,RepMikeCapuano,RepMichaelCapuano,RepMikeCapuano,UCvzAdbimlJksgZjEMQn0kuw,747806211983179008,,
C001035,01541,300025,SenatorCollins,susancollins,SenatorSusanCollins,UC6GYaBx5kT2r4PN8KENxC-w,19726613,sensusancollins,
C000984,00256,400090,RepCummings,elijahcummings,ElijahECummings,UCMasH4jR80RdkqyuF0neFZg,787373558,,
C000880,00250,300030,MikeCrapo,mikecrapo,senatorcrapo,UCMHzKHg1BE7dEcFjnayw1lA,600463589,mikecrapo,329357214
C000754,00231,400081,RepJimCooper,JimCooper,RepJimCooper,UCjplyIIQbNZcl013AyDfPNg,22523087,repjimcooper,1037212884
C000537,00208,400075,Clyburn,jameseclyburn,repjamesclyburn,UCIyU_UA_JEa14gvAwhquKqg,188019606,,
C000266,00186,400071,RepSteveChabot,RepSteveChabot,congressmanchabot,UCJpzm2DZDE1B6ruQLQc7q4g,237750442,repstevechabot,481906395
C000174,00179,300019,SenatorCarper,tomcarper,senatorcarper,UCgLnvbKwu4B3navofj6Qvvw,249787913,,
C000141,00174,400064,SenatorCardin,senatorbencardin,senatorcardin,UCiQaJnMzlfzzG3VESgyZChA,109071031,senatorcardin,
C000127,00172,300018,SenatorCantwell,senatorcantwell,SenatorCantwell,UCN52UDqKgvHRk39ncySrIMw,117501995,,
C000059,00165,400057,KenCalvert,70063393423,RepKenCalvert,UC5MEj7YOX_QdKoqD_HRxP3A,22545491,,
B001277,02076,412490,SenBlumenthal,SenBlumenthal,SenatorBlumenthal,UCHH-fn3_LVt0Q4od56rOi5g,278124059,,
B001275,02018,412427,RepLarryBucshon,RepLarryBucshon,RepLarryBucshon,UC0bIliQs0LKZabNwvZ3gnhQ,234812598,,
B001274,01987,412395,RepMoBrooks,RepMoBrooks,RepMoBrooks,UCgsPSY0MpuQJq8vEqYUSt-g,237299871,,
B001273,02063,412478,RepDianeBlack,DianeBlackTN06,RepDianeBlack,UCREZGYWeFh6-gfodmoWVUFg,110545675,repdianeblack,371192551
B001270,01996,412404,RepKarenBass,RepKarenBass,RepKarenBass,UCQZg7oxkV3Yag2emYPLhT2g,239949176,,
B001269,02054,412469,RepLouBarletta,CongressmanLouBarletta,reploubarletta,UChViw1Iv0nY1b3Qq9Q0vDBQ,239871673,,
B001267,01965,412330,SenBennetCo,senbennetco,SenatorBennet,UCXB3cljpMwTyCUyLr2ZVLow,224285242,,
B001261,01881,412251,SenJohnBarrasso,johnbarrasso,barrassowyo,UC80PfiCAB2Fe1MFayWlR6GQ,202206694,,
B001260,01840,412196,VernBuchanan,CongressmanBuchanan,vernbuchanan,UCY4DEy41NxOTdcF8_XAVZvw,20467163,repvern,344865327
B001257,01838,412250,RepGusBilirakis,GusBilirakis,RepGusBilirakis,UC2z1uu1n4-60xXs5x1mvLJw,26051676,gusbilirakis,
B001251,01761,400616,GKButterfield,congressmangkbutterfield,GKBNC01,UCbodCVgLfcbaep49L1M-mqA,432676344,,
B001250,01753,400029,RepRobBishop,RepRobBishop,CongressmanBishop,UCJC2BXNGQEUom7Tp7FKfxlQ,148006729,,
B001248,01751,400052,MichaelCBurgess,michaelcburgess,michaelcburgessmd,UCvvO8lo-Nkc31cEEElqQvQw,15751083,repmichaelburgess,
B001243,01748,400032,MarshaBlackburn,marshablackburn,RepMarshaBlackburn,UCvNnmu5mUm7xr8QXBlbtQ9w,278145569,marshablackburn,
B001236,01687,400040,JohnBoozman,JohnBoozman,BoozmanPressOffice,UC9vWHKL5OfIYh6kIV0rF2yw,5558312,,
B001227,01469,400047,RepBrady,RepRobertBrady,BradyPA01,UCHbTbPH6iCtaA_AKPwDy04A,148453195,repbrady,1405678385
B001135,00153,400054,SenatorBurr,SenatorRichardBurr,SenatorRichardBurr,UCOLLZpp-1womBSFDV2uLfag,21157904,,
B000944,00136,400050,SenSherrodBrown,SenatorSherrodBrown,SherrodBrownOhio,UCgy8jfERh-t_ixkKKoCmglQ,43910797,,
B000755,01468,400046,RepKevinBrady,kevinbrady,KBrady8,UC6Ng0uMQEBVgXO_HF0NbfXA,19926675,repkevinbrady,337613850
B000575,01464,400034,RoyBlunt,SenatorBlunt,SenatorBlunt,UCFeLRzjhThTmaWzuh5qjpGA,21269970,royblunt,21185436
B000574,00099,400033,BlumenauerMedia,,RepBlumenauer,UCuziVoKuGn7feNA5VrpxsBQ,137823987,,
B000490,00091,400030,SanfordBishop,sanfordbishop,RepSanfordBishop,UCxF9veLBrkr_CqVq5eFYVGg,249410485,,
B000213,00062,400018,RepJoeBarton,RepJoeBarton,repjoebarton,UC9zg5RmxfNdBfz4iZuzvWXg,19929362,,
A000367,02029,412438,,repjustinamash,repjustinamash,UCeg6HhoCXrS8xpON9dxtZgA,,,
A000360,01695,300002,SenAlexander,senatorlamaralexander,lamaralexander,UChDLBjn5RWqgMmCSswT05IQ,76649729,senlamaralexander,1156775647
A000055,01460,400004,Robert_Aderholt,RobertAderholt,RobertAderholt,UC71CAgpg1gbLTew_pfTneGA,76452765,,
B001245,01723,400041,,madeleine.bordallo,RepMadeleineBordallo,UCmHdfm0Nyslc8LOoq3KIATg,,,
D000617,02096,412505,RepDelBene,RepDelBene,,UCd00b7TpKDZIr-Ujhaktvjg,995193054,repdelbene,
B001278,02092,412501,RepBonamici,congresswomanbonamici,RepSuzanneBonamici,UC0IkAeEiwgzSRTD1TDSvuBw,558769636,,
C000567,00213,300023,SenThadCochran,,sencochran,UCTnKP_ye7nI5DEn_zreaa3g,555474658,,
K000383,,412545,SenAngusKing,SenatorAngusSKingJr,SenatorAngusKing,UCpp6lGvrmt0XU_lnD4Ak0gA,1068481578,,
A000369,02090,412500,MarkAmodeiNV2,MarkAmodeiNV2,markamodeinv2,UCjOGx2iqSn1r3BQxaVgYhYw,402719755,MarkAmodeiNV2,
L000580,02146,412558,RepLujanGrisham,RepLujanGrisham,RepLujanGrisham,UCS_N-wEnUBEbVYCD-CXpNjw,1061385474,replujangrisham,379143191
D000621,02116,412526,RepDeSantis,RepDeSantis,RepRonDeSantis,UCRM1qBatq45tZxRqYeUa02g,1058807868,,
D000620,02133,412544,RepJohnDelaney,congressmanjohndelaney,repjohndelaney,UC-Sz2M53ZYi_8MvapFKZJiw,937723303,,
S001193,02104,412514,RepSwalwell,CongressmanEricSwalwell,ericswalwell,UCKvwsFNGD4sDkE_9g-2ft0w,942156122,repswalwell,338799200
M001190,02156,412568,RepMullin,RepMullin,,UCLQlm-cbGbJj9baZC6oFsag,1060370282,,
K000379,02172,412543,RepJoeKennedy,301936109927957,,UCgfHlaGqxD8p-2V_YlNIqrA,1055907624,repkennedy,1328567154
B001284,02129,412539,SusanWBrooks,congresswomansusanwbrooks,SusanWBrooks,UCMd7LzaBcbQ06aKHoj9KkSQ,1074101017,susanwbrooks,365798183
W000813,02128,412538,RepWalorski,RepJackieWalorski,repwalorski,UC8fsSDjVJ_VnCF3ccx3Lkng,1065995022,jackiewalorski,
R000597,02160,412572,RepTomRice,reptomrice,RepTomRice,UCEmPVQphMGoXAfWJli68BEw,1058345042,reptomrice,
M001188,02148,412560,RepGraceMeng,repgracemeng,,UCHg516zJKbIBtXFAJ0nu3XQ,1051127714,,
M001189,02130,412540,RepLukeMesser,RepLukeMesser,RepLukeMesser,UC9NKMvZuY2koTf1iVurxicw,1045853744,,
M001185,02150,412562,RepSeanMaloney,RepSeanMaloney,,UCNiVzzf4Vz-vCMPBcnjGuXQ,1072467470,,
H001064,02170,412584,RepDennyHeck,CongressmanDennyHeck,RepDennyHeck,UCU89cl5_yhHzo-oTHiEyaRg,1068499286,,
H001065,02143,412553,RepHolding,CongressmanGeorgeHolding,repholding,UCx6IgBfJmIhXSXymnPr78hw,1058460818,repholding,
N000127,00867,408211,USRepRickNolan,UsRepRickNolan,USRepRickNolan,UCmGkPQXVR8GzVAPXN54AoXg,1055685948,,
T000472,02110,412520,RepMarkTakano,RepMarkTakano,RepMarkTakano,UCJg4F1irmSFeKoXZBaZbX2w,1037321378,repmarktakano,
J000294,02149,412561,RepJeffries,RepHakeemJeffries,,UCYVmbsjoNbQ4j-PCQIYgpWQ,467823431,,
J000295,02154,412566,RepDaveJoyce,RepDaveJoyce,repdavejoyce,UCTu9xz2VYk-jtQv0TVsLyYA,976969338,repdavejoyce,360743678
L000579,02111,412521,RepLowenthal,RepLowenthal,RepLowenthal,UC-GgROtn5Hxm1H9a6qvy_Wg,1055730738,,
C001093,02121,412531,RepDougCollins,RepresentativeDougCollins,repdougcollins,UCgKTZXOJX2UwAdLNZ4MQdig,1060487274,,
W000814,02161,412574,TXRandy14,TXRandy14,TXRandy14,UCJSZRrAcd5i1bHLjR66PZdg,1058051748,,
K000381,02169,412583,RepDerekKilmer,derek.kilmer,,,1058917562,,
G000571,02122,412532,TulsiPress,RepTulsiGabbard,tulsipress,UCkQmC0YfIU4388Tu0_k4esA,1064206014,,
D000618,02138,412549,SteveDaines,SteveDainesMT,SteveDainesMT,UC-ny-W5mEUGytiyMdXbQ20Q,11651202,stevedaines,371125857
Y000065,02115,412525,RepTedYoho,CongressmanTedYoho,RepTedYoho,UCGmDQgEgP2Z0NjavmnS9Hwg,1071900114,,
E000293,02114,412524,RepEsty,RepEsty,RepEsty,UCJoc9OfUHVbx0Z7V055sbCA,1060984272,repesty,
K000382,02145,412557,RepAnnieKuster,CongresswomanAnnieKuster,RepKuster,UCYAD_Eti2b5gXSicbgPsBYA,1058717720,,
K000380,02134,412546,RepDanKildee,RepDanKildee,RepDanKildee,UC_KpQ-n3IT5dL5ul21XA9Yw,1045110018,repdankildee,582887115
C001090,02159,412571,RepCartwright,CongressmanMattCartwright,,UCnAOvexSGLBnYidaFzguhTQ,776664410,,
C001095,02098,412508,SenTomCotton,SenatorTomCotton,RepTomCotton,UCXEk6mokWBajIpNatbjnwSg,968650362,,
B001286,02127,412537,RepCheri,RepCheri,RepCheri,UCrkOYuIsVeb4dvKeeO7jnaA,1092979962,,
B001287,02102,412512,RepBera,RepAmiBera,repamibera,UClJCTCo53Zk6b4kUL-bbdzg,950783972,,
F000454,01888,412257,RepBillFoster,CongressmanBillFoster,RepBillFoster,UCicixINQr_-3cFHI2bJzFpQ,1080509366,,
P000606,02141,412551,RepPittenger,congressmanpittenger,CongressmanPittenger,UCPr1MiyBx6K6wH3zgMWFtMQ,950328072,,
M001187,02142,412552,RepMarkMeadows,Repmarkmeadows,RepMarkMeadows,UCu1unBO6gQdCz3qok5LPFGQ,963480595,repmarkmeadows,
F000462,02119,412529,RepLoisFrankel,RepLoisFrankel,reploisfrankel,UCEk5viAhxaW_2OK20-yBwzQ,1077121945,reploisfrankel,
H001067,02140,412550,RepRichHudson,RepRichHudson,RepRichHudson,UC9Q1qCvnQR7rHERjTjJl5Pg,935033864,,
V000131,02166,412579,RepVeasey,CongressmanMarcVeasey,marcveasey,UC2CRp1KF5uljZyhDRPR-72Q,1074129612,repveasey,676925345
V000132,02167,412580,RepFilemonVela,USCongressmanFilemonVela,RepFilemonVela,,1083448909,,
P000605,02157,412569,RepScottPerry,repscottperry,RepScottPerry,UCzgrU5PT_HHRgf5hXPen4dQ,18773159,repscottperry,519463466
R000599,02109,412519,CongressmanRuiz,CongressmanRaulRuizMD,repraulruiz,UCSDk-cyNPCo1iy6rweSPmBw,1089859058,,
C001094,02103,412513,RepPaulCook,RepPaulCook,RepPaulCook,UCqK--hf5cuvg7BR_oisyRiA,1074412920,,
C001096,02144,412555,RepKevinCramer,CongressmanKevinCramer,kevincramer,UCqUPdO9XaAW-dvwwXKbIVdA,1048784496,repkevincramer,
C001092,02151,412563,RepChrisCollins,RepChrisCollins,RepChrisCollins,UCSwQQJaKI4TzuYDUwHwwnxQ,1058256326,repchriscollins,379808544
W000812,02137,412548,RepAnnWagner,RepAnnWagner,,UCy2v2DXXvQnbRc8Zx77Dnsg,1051446626,,
W000817,02182,412542,SenWarren,senatorelizabethwarren,senelizabethwarren,UCTH9zV8Imw09J5bOoTR18_A,970207298,,
D000619,02126,412536,RodneyDavis,RepRodneyDavis,RepRodneyDavis,UCiGPTfpwRxqQp0Bam5S8zwA,993153006,reprodneydavis,
S001192,02168,412581,RepChrisStewart,RepChrisStewart,repchrisstewart,UCKYqzTvmQVWys-WhrCkbyPw,1072008757,repChrisStewart,
B001282,02131,412541,RepAndyBarr,RepAndyBarr,RepAndyBarr,UCVL2s6x7f7H0ZJ-uwU0pQ6Q,1089334250,,
C001098,02175,412573,SenTedCruz,SenatorTedCruz,sentedcruz,UCOTZ-6H1rri1lSsj6IzhUyw,1074480192,,
D000096,01477,400093,RepDannyDavis,CongressmanDKDavis,dannykdavis07,UCdhrT09_XMr31tuI8OcKsjQ,789244177,,
G000546,01656,400158,RepSamGraves,118514606128,,,29766367,,
B001283,02155,412567,RepJBridenstine,CongressmanJimBridenstine,RepJimBridenstine,UC4uUpWvIK-fiOfTG_D3rX8g,1092757885,repjbridenstine,295797332
B001230,01558,400013,SenatorBaldwin,senatortammybaldwin,witammybaldwin,UC_XjYCRbbI2_TDDjJidwk0Q,1074518754,senatorbaldwin,
W000810,02008,412416,RepRobWoodall,RepRobWoodall,RobWoodallGA07,UC7MSlu8zV6Mf8wYzek2Cb-w,2382685057,reprobwoodall,
W000816,02165,412578,RepRWilliams,RepRogerWilliams,,UCBtfmMMQarjtLB9U_pWMOhw,1077446982,,
D000598,01641,400097,RepSusanDavis,RepSusanDavis,,,432771620,,
D000622,02123,412533,SenDuckworth,SenDuckworth,repduckworth,UCYRWRvUxtjaHnFMCbdd94tg,1058520120,repduckworth,1387939090
O000170,02162,412575,RepBetoORourke,betoorourketx16,betoorourketx16,UClxfjz6tgqTbwYwQNy0VURg,1134292500,,
F000463,02179,412556,SenatorFischer,senatordebfischer,senatordebfischer,UCrbEfZaG_WhB0PBHI1hefPQ,1071402577,senatorfischer,
H001068,02101,412511,RepHuffman,RepHuffman,rephuffman,UCJU6SP1ppp1ZhSiqZLiFgDA,1071102246,rephuffman,
H001069,02174,412554,SenatorHeitkamp,SenatorHeidiHeitkamp,senatorheidiheitkamp,UCsIiu6s5KJ_VYzpT_b1Jh4g,1061029050,senatorheitkamp,1146260729
H001052,02026,412434,RepAndyHarrisMD,AndyHarrisMD,RepAndyHarris,UCvUuV7FiJfJi1yux4qozgMg,960962340,,
P000604,02097,412506,RepDonaldPayne,DonaldPayneJr,,UCTG_SeYsOgbngjv1Donyu0w,1155335864,repdonaldpaynejr,
P000608,02113,412523,RepScottPeters,RepScottPeters,,UCQK77QJxW7Xr-S3zqeMd-0g,1135486501,repscottpeters,
R000598,02158,412570,KeithRothfus,keithrothfus,reprothfus,UCPe5SCZKXEyUAMNUprj46Pg,1155212191,,
C001091,02163,412576,JoaquinCastrotx,326420614138023,JoaquinCastroTX,UCsRxWnFdRiV2od1O5v5nEeQ,231510077,joaquincastrotx,378492005
W000815,02152,412564,RepBradWenstrup,RepBradWenstrup,repbradwenstrup,UCaK7SeUvmHdHTMtF3HXb-jA,518644221,repbradwenstrup,305496379
V000129,02105,412515,RepDavidValadao,CongressmanDavidValadao,congressmanvaladao,UCWqOVVxQd6IV4mfYMi95LqA,1128514404,,
S001191,02099,412509,RepSinema,CongresswomanSinema,repsinema,UC4NzhW7D4lQdukSGWmFnK9w,1080844782,,
C001075,01925,412269,,,SenatorBillCassidy,UCCEyGhUzxgkxFzWCY-rxz8g,,,
F000372,00414,400142,USRepRodney,rfrelinghuysen,RepFrelinghuysen,UCePp5KwEKTtu3GM6gkVIkmg,1382011333,usreprodney,
G000558,01922,412278,RepGuthrie,CongressmanGuthrie,BrettGuthrie,UCdJhDw-YbdH0RHfWK0sIfiw,1908143071,,
L000578,02100,412510,RepLaMalfa,RepLaMalfa,RepLaMalfa,UCUzz1XDn862fxirervSB2Yw,1069124515,repdouglamalfa,
C001066,01839,412195,USRepKCastor,USRepKathyCastor,RepKathyCastor,UC_irxhmLqVenTFPxDxznG6g,1880674038,,
K000367,01826,412242,,,senatorklobuchar,UCvdeJsDsV51tFb_hVqvtYGA,,,
I000055,01608,400194,SenatorIsakson,,SenatorIsakson,UCO80zDwuLZHtGr-KOfl_XCQ,78403308,senatorisakson,
C001097,02107,412517,RepCardenas,repcardenas,repcardenas,UCm6ug1-yvYGL0F6DvYxfFBA,1222257180,repcardenas,1483357690
W000799,01856,412214,RepTimWalz,,1529tjw,UCAaYwb6XgcSVZ-5s3ei2g6g,1262814457,,
P000607,02171,412585,RepMarkPocan,repmarkpocan,repmarkpocan,UCz5b47WER_u3dUGV_Zi70dQ,1206227149,repmarkpocan,1422301608
V000130,02112,412522,RepJuanVargas,RepJuanVargas,RepJuanVargas,UCpMthf8y7bEMJH_td0dznRQ,1260172386,,
K000384,02176,412582,SenKaineOffice,SenatorKaine,SenatorTimKaine,UC27LgTZlUnBQoNEQFZdn9LA,1267940407,,
S001194,02173,412507,SenBrianSchatz,SenBrianSchatz,senbrianschatz,UC8-mSYp2WqBiB_5iwtwKfow,1262099252,,
S001168,,412212,RepSarbanes,RepSarbanes,,,364415553,,
B001285,,412516,JuliaBrownley26,RepJuliaBrownley,RepJuliaBrownley,UCFrC4Ouk5R6xQztS9PZin_A,1243902714,,
M001184,02094,,RepThomasMassie,RepThomasMassie,repthomasmassie,UCpmXOtvvXC3GE8o9VxYNK7g,975200486,,
K000385,02190,,RepRobinKelly,reprobinkelly,,UCLhcNPX2nNQLNzwKW0nEykg,1339931490,,
G000555,01866,,SenGillibrand,SenKirstenGillibrand,KirstenEGillibrand,UCVEloQogVsmnkd5vxJInmYg,72198806,,
R000584,01896,412322,SenatorRisch,,SenatorJamesRisch,UCncKW8xyT5UbPNO27YuQnBA,1096059529,,
B001281,02153,412565,RepBeatty,RepJoyceBeatty,,UCtVl3kb7Xvt3pY7l6x-M6LA,1531521632,repbeatty,554027718
S000051,01012,400607,RepSanfordSC,RepSanfordSC,RepSanfordSC,UCS33edNAxXe2pyFbnUUcZWA,1499993378,,
S001195,02191,412596,RepJasonSmith,repjasonsmith,RepJasonSmith,UCzj9-27Lr4gcqopmZAobXXg,1623308912,,
S000522,01071,400380,RepChrisSmith,RepChrisSmith,USRepChrisSmith,UCtCNUDo3-I1gsd_03ppDfZg,1289319271,,
M001169,01837,412194,senmurphyoffice,chrismurphyct,senchrismurphy,UCbcEa40PIFpLpdDe06n3F3Q,2853793517,,
B001288,02194,412598,SenBooker,,SenCoryBooker,UC6FlymqNS1VettnVZa7goPA,2167097881,,
C001101,02196,412600,RepKClark,CongresswomanClark,,UCgaI52w7QKI8LtkSeCCmSuw,2293131060,,
B001289,02197,412601,RepByrne,RepByrne,,UCRUXmqQbrKo0T6xi_GT7TEA,2253968388,repbyrne,944262792
N000189,02275,412660,RepNewhouse,RepNewhouse,,UCllbsv_aoIaPS6W3aSonZlw,2930635215,,
J000297,02278,412663,RepEvanJenkins,RepEvanJenkins,,UCSy2mmlbZCv0p07KOw8-m7Q,2953713339,RepEvanJenkins,
R000601,02268,412653,RepRatcliffe,RepRatcliffe,,UCo37eRsRga4fUYijDa6j6oA,2847221717,rep_ratcliffe,1679501092
L000583,02238,412624,RepLoudermilk,reploudermilk,,UC2Kfw8fjca8k3w3KpzL5tNg,2914163523,RepLoudermilk,
C001103,02236,412622,RepBuddyCarter,congressmanbuddycarter,,UCHQm49T6ikD_ioMAt50AwKQ,2973870195,,
C001107,02235,412621,RepCurbelo,repcurbelo,,UC6SRoWRNiv5U4a7ovRICwaw,2853309155,repcurbelo,
M001193,02258,412643,RepTomMacArthur,CongressmanTomMacArthur,,UCLD7s-g8XgSd_wvuUWATKkQ,2962994194,reptmac,
B001295,02243,412629,RepBost,RepBost,,UCYA1psY06vSf3QadHuCrmjQ,2964877294,,
A000370,02201,412607,RepAdams,CongresswomanAdams,,UCPI9ao1Cr1nxEUD2r-usRjQ,2916086925,repadams,
C001105,02273,412658,RepComstock,RepBarbaraComstock,,UC2IBUvBd51zgaE56fPcZeVA,2933760046,repbarbaracomstock,
P000611,02247,412633,RepPoliquin,RepPoliquin,,UCFk3paQ30PAME40YgJkuH4Q,2932617195,,
M001194,02248,412634,RepMoolenaar,RepMoolenaar,,UCnMvVN4a8roZu4crE0UW2DA,2696643955,RepMoolenaar,
S001196,02263,412648,RepStefanik,RepEliseStefanik,,UCHvf42C8Vw6QnjwO2L2ukKA,2962813893,,
C001106,02266,412651,RepRyanCostello,CongressmanRyanCostello,,UCJzU_8Bwz1lUyP1qz84L5jw,2953922782,RepRyanCostello,
R000603,02256,412641,RepDavidRouzer,RepRouzer,,UCBvOxpqoGi1HlHjX9v_gHZw,834069080,repdavidrouzer,
P000609,02221,412608,USRepGaryPalmer,CongressmanGaryPalmer,,UCYZfP-cNIvlJY3AcAc9OPpQ,2861616083,usrepgarypalmer,1551536636
M001197,02225,412611,RepMcSally,RepMcSally,,UCfHMG2Db0TJ_RatSBHuH8NA,2964949642,repmcsally,
E000294,02253,412639,RepTomEmmer,reptomemmer,RepTomEmmer,,2914515430,reptomemmer,1565640999
R000604,02265,412650,RepRussell,reprussell,,UC2z7ACZuDophcPphXdJfbZQ,2966758114,,
A000374,02244,412630,RepAbraham,CongressmanRalphAbraham,,,2962891515,,
Y000066,02242,412628,RepDavidYoung,RepDavidYoung,,UCD2SzM1kn4iZfHccN4bocQA,314205957,repdavidyoung,
Z000017,02261,412646,RepLeeZeldin,RepLeeZeldin,,UCHzZuesCPDka2NhZO8icqzA,2750127259,,
K000386,02264,412649,RepJohnKatko,RepJohnKatko,,,2966765501,,
W000821,02224,412610,RepWesterman,RepWesterman,,UCNshPbmupCwP5a7Hi79jETQ,2852998461,,
H001072,02223,412609,RepFrenchHill,RepFrenchHill,,UCT8uWroJtkwSsCJlVg0IKvQ,2953974395,repfrenchhill,
B001291,02270,412655,RepBrianBabin,RepBrianBabin,,UCPVEZgw-VbDRbLV1MRGVQNQ,2929491549,,
M001195,02277,412662,RepAlexMooney,CongressmanAlexMooney,,UCw9CGkF4Re3areluI43TGyA,2964526557,repalexmooney,
T000475,02250,412636,repdavetrott,RepDaveTrott,,UCkIE7mLSCRV6QidM2fuil4w,2869746172,,
B001297,02233,412619,RepKenBuck,repkenbuck,,UCHK7Wcwij7NoxXGTeSHUWzg,2862577383,,
B001294,02241,412627,RepRodBlum,congressmanrodblum,,UCACYUrK1zFAZzKcmz9ibEAg,2965083477,,
B001293,02249,412635,RepMikeBishop,RepMikeBishop,,UCeG5_Zwq-4KXnGWufThSKRQ,2914571740,,
R000602,02262,412647,RepKathleenRice,RepKathleenRice,,UCLYLmjrGtzzCFXMWPBxHAug,2970462034,,
D000624,02251,412637,RepDebDingell,RepDebbieDingell,,UCnoP3KLT-HOvzDfC1-I-9lQ,2970279814,repdingell,
T000474,02231,412617,NormaJTorres,RepNormaTorres,,UCvWY4qKP6--o3pIJY7hhKDg,236279233,,
S001197,02289,412671,SenSasse,SenatorSasse,,UCYaNGwcM2Dl5yDcDqS6xV2g,2962923040,senatorsasse,1636974433
K000387,02228,412614,SteveKnight25,RepresentativeSteveKnight,,UCNfnbtkP6hGUq1TLFQ3fD5Q,2974648323,repsteveknight,
S001198,02290,412665,SenDanSullivan,SenDanSullivan,,UC7tXCm8gKlAhTFo2kuf5ylw,2891210047,sen_dansullivan,1660873387
L000584,02271,412656,repmialove,repmialove,,UCqHVv1qerDPYaH9NbyWyxtg,2976598347,,
A000372,02239,412625,reprickallen,CongressmanRickAllen,,UCZPoYXHFDAV17BGLMzGAmpg,2964287128,reprickallen,1666787116
R000605,02288,412669,SenatorRounds,SenatorMikeRounds,,UC-pvzimyBdpdkcIfsicrfrQ,2955485182,,
W000820,02232,412618,RepMimiWalters,RepMimiWalters,,UCyFubcwlZVLVLg-T-2PuooQ,47798449,rep_mimiwalters,301820337
B001296,02267,412652,CongBoyle,CongressmanBoyle,,UCMP_Anj7lz4eZuSh8GwFqQQ,4304448314,,
H001071,02237,412623,congressmanhice,CongressmanJodyHice,,UCzUMsS8DusN2QLpgweFthgQ,2975091705,,
A000371,02229,412615,reppeteaguilar,reppeteaguilar,,UCxwbFLOlKDsXrwizV5jah7g,3018670151,,
G000574,02226,412612,RepRubenGallego,RepRubenGallego,,,2966570782,reprubengallego,
P000612,02286,412666,sendavidperdue,SenatorDavidPerdue,,UCXHsrkPP4TAm0s0qB1C31Lw,2863210809,sendavidperdue,1650058430
P000610,02274,412659,staceyplaskett,repstaceyplaskett,,UC3V7biFZHDFHDFZy6cCSZUA,2724095695,,
W000822,02259,412644,RepBonnie,RepBonnie,,UCrxEaX0VKZKwg3930du2D5A,2968451607,repbonnie,
H001073,02269,412654,hurdonthehill,HurdOnTheHill,,UCjWcn2lgGCZbwPs6lKxlziQ,2963445730,hurdonthehill,
L000582,02230,412616,RepTedLieu,RepTedLieu,,UC9qcJxTqfDNBnVul1IojlFg,3044993235,RepTedLieu,
G000577,02245,412631,RepGarretGraves,CongressmanGarretGraves,,UCQLg9GGwTDluEFJtXf8seTA,2951574214,instagravesla,
D000623,02227,412613,RepDeSaulnier,RepMarkDeSaulnier,,,2968007206,repdesaulnier,
W000819,02255,412670,RepMarkWalker,RepMarkWalker,,UC2w0KJe43jr0Hlhi6J5smhg,2966205003,repmarkwalker,1638422078
M001196,02246,412632,teammoulton,CongressmanSethMoulton,,UC5w5qn7nj5Ljy69LTV7a_fQ,3091316093,repmoulton,
B001292,02272,412657,repdonbeyer,repdonbeyer,,UCPJGVbOVcAVGiBwq8qr_T9w,2962868158,repdonbeyer,
G000576,02276,412661,RepGrothman,RepGrothman,,UCui4k83Cot4aeVW_8T33fgg,2976606250,,
N000188,02202,412606,DonaldNorcross,DonaldNorcrossNJ,,UC7kXK_PyDiOT8YrdP0jYZHw,3122099613,donald_norcross,
L000581,02252,412638,RepLawrence,395759603917487,,UCf0USy9GNigkB8O9sS1dodw,2863006655,repbrendalawrence,
B001290,02203,412605,RepDaveBrat,RepDaveBrat,,,2560169238,,
K000388,,412673,reptrentkelly,reptrentkelly,,UCtDrz-8tdg4ZgOAQHToSWaQ,3317799825,reptrentkelly,
R000409,00979,400343,reprohrabacher,RepRohrabacher,RepDanaRohrabacher,UCFr7qO61vGJyyBJ7B_gB1_Q,831483464,,
D000625,02293,412672,RepDanDonovan,RepDanDonovan,,UCT8-VskXvxCqDuSGzR5sWWg,3353670647,,
L000585,02295,412674,RepLaHood,replahood,,UCVRbtFwaBGcixZIkygtalRw,3686482216,,
B001299,,412702,RepJimBanks,RepJimBanks,,UC_FR6TySW9uxvhjozkis6Xg,816131319033949952,repjimbanks,
D000627,,412696,RepValDemings,RepresentativeValDemings,,UCkcshqwFNJG6XeduOforhig,798973032362605952,repvaldemings,
B001303,,412689,RepBRochester,Rep.BluntRochester,,,817050219007328000,,
R000606,,412708,repraskin,repraskin,,UChxDE6vho5BfBTOqiBsDmKg,806906355214851968,repraskin,
P000613,,412685,RepJimmyPanetta,RepJimmyPanetta,,UCmw-aERG51C96edMDPN7fXQ,796736612554116992,repjimmypanetta,
C001111,,412697,repcharliecrist,RepCharlieCrist,,,816030424778542976,repcharliecrist,
D000628,,412691,drnealdunnfl2,drnealdunnfl2,,UCRTGfrYP-RuDzJ2KGok7TRA,815952318487298048,,
B001300,,412687,RepBarragan,CongresswomanBarragan,,,816833925456788992,,
B001302,,412683,RepAndyBiggsAZ,RepAndyBiggs,,UCqSq9kWOxk9yNTeILBCVC1w,816652616625168000,repandybiggs,
M001199,,412698,repbrianmast,repbrianmast,repbrianmast,,814103950404238976,,
M001200,,412728,RepMcEachin,RepMcEachin,,UCMoPYHuZ3fZho0ZixZCfiFg,816181091673447936,repmceachin,
D000626,02296,412675,WarrenDavidson,CongressmanWarrenDavidson,,UCMzuyZWzk44YRNesFzPTeUw,742735530287303936,,
F000465,,412700,RepDrewFerguson,RepDrewFerguson,,UCuK7_j2sREWi_7wBAN477bg,806583915012045952,repdrewferguson,
G000581,,412725,RepGonzalez,USCongressmanVicenteGonzalez,,UC5H6oYLKQ_xIXO5CG7fh4hw,818536152588237952,repvicentegonzaleztx,
G000583,,412714,RepJoshG,RepJoshG,,,815310506596690944,RepJoshG,
G000580,,412729,RepTomGarrett,congressman-Tom-Garrett-1835767753333490,,UC_lWS6tnQPcBPlmD2e99zKw,818460870573441024,,
C001113,,412681,sencortezmasto,SenatorCortezMasto,,UCip_83SiKUqwnUT57VOXrCg,811313565760162944,catherinecortezmastofornv,
K000389,,412684,RepRoKhanna,RepRoKhanna,,UCr4KOYv1o1oEQhy1jhhm3pQ,816298918468258944,reprokhanna,
S001170,01861,412219,repsheaporter,repsheaporter,,,126171100,,
G000582,,412723,repjenniffer,RepJennifferGonzalezColon,,UCZj99h3-GNKjGGeyp7AJeXw,819744763020775040,,
M001202,,412694,RepStephMurphy,RepStephMurphy,RepStephMurphy,,796183515998067968,RepStephMurphy,
H001074,,412703,reptrey,reptrey,,UCTgS8a_zLg8HpUnk5WXY5ag,811986281177772032,,
A000375,,412726,RepArrington,JodeyArrington,,,816284664658873984,,
C001109,,412732,RepLizCheney,replizcheney,,,816719802328715008,,
C001112,,412686,RepCarbajal,repsaludcarbajal,repcarbajal,,816157667882372992,repcarbajal,
S001201,,412717,RepTomSuozzi,RepTomSuozzi,,,816705409486617984,,
S001190,02124,412534,repschneider,CongressmanBradSchneider,RepBradSchneider,,1071840474,repschneider,
F000464,,412719,RepJohnFaso,RepJohnFaso,,,815931811348017024,RepJohnFaso,
T000478,,412720,RepTenney,RepClaudiaTenney,,,797201048490429952,repclaudiatenney,
B001305,,412712,RepTedBudd,RepTedBudd,,,817138492614524032,,
J000298,,412730,RepJayapal,RepJayapal,,UCmyD0_-2Oowkfwc_Raghclw,815733290955111936,repjayapal,
F000466,,412721,repbrianfitz,repbrianfitzpatrick,,UCYMNcgHss4_Q5JY2vSvMpgw,816303263586914048,repbrianfitz,
O000171,,412682,repohalleran,repohalleran,,,808416682972770048,repohalleran,
R000607,,412699,RepRooney,RepRooney,,UC5dLBbrW1JwIGs9h248lk6g,816111677917851008,RepFrancisRooney,
K000390,,412716,RepKihuen,RepKihuen,,,816282029276937984,RepKihuen,
K000393,,412679,SenJohnKennedy,JohnKennedyLouisiana,,,816683274076614016,,
L000586,,412693,RepAlLawsonJr,RepAlLawsonJr,,,818472418620608000,,
M001201,,412710,RepPaulMitchell,reppaulmitchell,,UCisQXodHJRZDaLtFMq_TzWg,811632636598909952,reppaulmitchell,
K000391,,412701,congressmanraja,congressmanraja,,,814179031956487936,congressmanraja,
H001076,,412680,Senatorhassan,SenatorHassan,,,946549322,,
E000297,,412718,RepEspaillat,RepEspaillat,,UCi0niBYFhEY70Dz8InbX5OQ,817076257770834944,,
K000392,,412724,repdavidkustoff,RepDavidKustoff,,UCK6U4plOKKMrCjv_h59spGQ,816012124505931008,repdavidkustoff,
L000587,,412711,RepJasonLewis,RepJasonLewis,,,816047090849746048,,
G000578,,412690,RepMattGaetz,CongressmanMattGaetz,,UClqXcJew_A3s8qiX-T4a9CA,818948638890216960,Congressman_Matt_Gaetz,
S001200,,412695,RepDarrenSoto,CongressmanDarrenSoto,repdarrensoto,,818713465653051008,,
B001301,,412709,RepJackBergman,RepJackBergman,RepJackBergman,,815241612154417024,RepJackBergman,
G000579,,412731,RepGallagher,RepMikeGallagher,,,815966620300480000,,
C001108,,412676,,congressmancomer,,,,congressmancomer,
M001198,,412704,RepMarshall,rogermarshallmd,,,752364246218861952,,
E000296,,412677,RepDwightEvans,RepDwightEvans,,,90639372,,
R000609,,412692,RepRutherfordFL,RepRutherfordFL,,,828977216595848960,,
J000299,,412706,RepMikeJohnson,RepMikeJohnson,,UCzqBEpeIaDEfvAtsA53Fx2Q,827279765287559040,RepMikeJohnson,
R000608,,412715,repjackyrosen,RepJackyRosen,,,818554054309714944,,
C001110,,412688,reploucorrea,RepLouCorrea,,UCIKJJp4QJIDjnjodc23qKkw,815985039485837056,,
B001298,,412713,repdonbacon,RepDonBacon,,UCR9abI1lZzAZ6HwQXc-dLFQ,818975124460334976,RepDonBacon,
S001199,,412722,RepSmucker,RepSmucker,,UCs5iMvWy-oTHyf5HuwB7FCg,41417564,,
H001050,,412418,RepHanabusa,RepColleenHanabusa,,,235373000,,
H001075,,412678,SenKamalaHarris,SenatorKamalaHarris,,,803694179079458048,,
H001077,,412705,RepClayHiggins,CongressmanClayHiggins,,,843636970538617984,,
B001304,,412707,RepAnthonyBrown,RepAnthonyBrown,RepAnthonyBrown,,823552974253341952,,
T000477,,412727,RepScottTaylor,RepScottTaylor,,UCL_UCG7VqJRfneFTwg8UVmg,837722935095929984,,
E000298,,412735,RepRonEstes,RepRonEstes,,,854715071116849024,,
G000585,,412739,RepJimmyGomez,RepJimmyGomez,,,2371339658,,
N000190,,412738,RepRalphNorman,RepRalphNorman,,,880480631108643968,,
